Mutation	AminoAcid	TotalCount	APOBEC3_Context
A32659T*9bp del	I372N	1	no
A32921G	Y285H	1	no
A33273T		1	no
C32927T	D283N	1	yes
C32945A	G277V	1	no
C33032T	D248N	1	yes
C33331T	G148D	1	yes
C33409A		1	no
CGGT32906C	T289del	1	no
G32668A	S369L	1	yes
G32870-NNN	D301del	1	no
G32907A		1	yes
G33040A	T245I	1	yes
G33040C	T245R	1	no
G33047A	P243S	1	yes
G33047C	P243A	1	no
G33115A	T220I	1	yes
G33330T	syn	1	no
G33420A	syn	1	yes
GATCAT32870del	N300I, D301del, L302del	1	no
T32656A	I372ILKN	1	no
T32877G	Q299H	1	no
T32935C	D280G	1	no
T33553C	E74G	1	no
T33778A	syn	1	no
TTT32660del	K371del	1	no
TTTTTTAAA32650del		1	no
TTTTTTTTA33439del	I372N	1	no
A33060T	H238Q	2	no
C32902T	R291K	2	yes
C33008T	D256N	2	yes
C33224T	A184T	2	yes
C33642T	syn	3	yes
C33756T	syn	2	yes
T32649del		2	no
T32926C	D283G	2	no
T33001C	Y258C	2	no
T33252G	K174N	3	no
C32884CACA	L297ins	4	no
TTTAAAAAAdel	I372N	4	no
A52954G	syn	5	no
C33125T	D217N	5	yes
G33308A	syn	6	yes
T32974C	N267S	5	no
C32971T	R268K	6	yes
G33130A	S215F	6	yes
A33060C	H238Q	13	no
T32909C	T289A	16	no
T33564C	syn	17	no
T33438del	N113fs	24	no
G32890T	A295E	32	no
C33269T	T169A	36	yes
T32893A	D294V	38	no
CTAT32971C	N267del	44	no
C32912G	A288P	51	no
T32975C	N267D	55	no
A32659T	I372N	72	no
G32905A	A290V	97	yes
C32717T	E353K	468	yes
G53620A	syn	5	yes
D100N*	C33476T		yes
D301del*	GATC39301G		no